Numbers,NAME,pl_orbper,pl_semi_min,pl_orbsmax,pl_orbeccen,pl_bmassj,pl_radius_au,pl_radj,pl_dens,st_dist,st_optmag,st_teff,st_mass,st_radius,st_sun_rad,size_star_planet,j_rad,sun_rad
85,Kepler-36 b,13.83989,0.115212281,0.1153,0.039,0.014,0.00006360,0.133,7.46,470,11.866,5911,1.07,0.007580263,1.63,119.2614622,0.000477895,0.004650468
199,CoRoT-7 b,0.85359159,0.017016,0.017016,0,0.018,0.00006740,0.141,7.5,153.7,11.668,5259,0.91,0.003813384,0.82,56.59250343,0.000477895,0.004650468
32,Kepler-21 b,2.78578,0.042708456,0.042717,0.02,0.01598,0.00006980,0.146,6.4,113,8.25,6305,1.41,0.008835889,1.9,126.6382532,0.000477895,0.004650468
132,Kepler-11 b,10.3039,0.090907816,0.091,0.045,0.006,0.00007690,0.161,1.72,613,14.2,5663,0.96,0.004929496,1.06,64.06844087,0.000477895,0.004650468
152,WASP-47 e,0.789636,0.017292213,0.0173,0.03,0.02863,0.00007740,0.162,8.5,200,11.9,5576,1.11,0.005394543,1.16,69.67983937,0.000477895,0.004650468
175,Kepler-20 b,3.6961219,0.042984334,0.04537,0.32,0.027,0.00008120,0.17,6.5,290,12.498,5455,0.91,0.00437144,0.94,53.80753519,0.000477895,0.004650468
111,BD+20 594 b,41.6855,0.241,0.241,0,0.05129,0.00009510,0.199,7.89,152.1,11.038,5766,0.96,0.004324935,0.93,45.47723358,0.000477895,0.004650468
208,HD 97658 b,9.4909,0.079441877,0.0796,0.063,0.02473,0.00009990,0.209,3.35,21.3,7.71,5119,0.75,0.003255328,0.7,32.59236836,0.000477895,0.004650468
165,Kepler-22 b,289.8623,0.849,0.849,0,0.113,0.00010131,0.212,14.7,190,11.664,5518,0.97,0.004557459,0.98,44.98361784,0.000477895,0.004650468
133,Kepler-11 f,46.6888,0.249978874,0.25,0.013,0.006,0.00010609,0.222,0.69,613,14.2,5663,0.96,0.004929496,1.06,46.46404946,0.000477895,0.004650468
209,HIP 116454 b,9.1205,0.088675835,0.0906,0.205,0.037,0.00010800,0.226,4.17,55.2,10.19,5089,0.78,0.003348337,0.72,31.00189374,0.000477895,0.004650468
176,Kepler-20 d,77.61184,0.27624,0.3453,0.6,0.063,0.00011708,0.245,4.07,290,12.498,5455,0.91,0.00437144,0.94,37.33584074,0.000477895,0.004650468
134,Kepler-11 c,13.0241,0.106963828,0.107,0.026,0.009,0.00012234,0.256,0.66,613,14.2,5663,0.96,0.004929496,1.06,40.29304289,0.000477895,0.004650468
177,Kepler-20 c,10.854092,0.085235908,0.093,0.4,0.051,0.00013094,0.274,2.91,290,12.498,5455,0.91,0.00437144,0.94,33.38423716,0.000477895,0.004650468
135,Kepler-11 d,22.6845,0.15499876,0.155,0.004,0.023,0.00013286,0.278,1.28,613,14.2,5663,0.96,0.004929496,1.06,37.10438482,0.000477895,0.004650468
136,Kepler-11 g,118.3807,0.460727674,0.466,0.15,0.079,0.00014194,0.297,4,613,14.2,5663,0.96,0.004929496,1.06,34.73070363,0.000477895,0.004650468
86,Kepler-36 c,16.23855,0.128230122,0.1283,0.033,0.025,0.00015675,0.328,0.89,470,11.866,5911,1.07,0.007580263,1.63,48.3590685,0.000477895,0.004650468
153,WASP-47 d,9.095,0.087998416,0.088,0.006,0.05286,0.00015818,0.331,1.8,200,11.9,5576,1.11,0.005394543,1.16,34.1031238,0.000477895,0.004650468
231,GJ 3470 b,3.3366487,0.03099552,0.031,0.017,0.043,0.00016535,0.346,1.18,25.2,12.33,3652,0.51,0.002232225,0.48,13.49986124,0.000477895,0.004650468
170,Kepler-30 b,29.33434,0.17984117,0.18,0.042,0.036,0.00016631,0.348,1.02,1400,15.403,5498,0.99,0.004417945,0.95,26.56492092,0.000477895,0.004650468
96,Kepler-4 b,3.21346,0.0456,0.0456,0,0.077,0.00017061,0.357,1.91,550,12.7,5857,1.22,0.006929197,1.49,40.61460356,0.000477895,0.004650468
137,Kepler-11 e,31.9996,0.194985959,0.195,0.012,0.025,0.00017873,0.374,0.58,613,14.2,5663,0.96,0.004929496,1.06,27.58026465,0.000477895,0.004650468
53,EPIC 211391664 b,10.13675,0.0943,0.0943,0,0.10131,0.00018351,0.384,2.15,435,12.166,6120,1.07,0.006092113,1.31,33.19741269,0.000477895,0.004650468
219,HAT-P-11 b,4.8878162,0.051950707,0.053,0.198,0.081,0.00020167,0.422,1.33,38,9.472,4780,0.81,0.003487851,0.75,17.29469783,0.000477895,0.004650468
83,CoRoT-22 b,9.75598,0.091726861,0.092,0.077,0.038,0.00020788,0.435,0.249,592,13.944,5939,1.1,0.005301533,1.14,25.50232409,0.000477895,0.004650468
154,Kepler-63 b,9.4341505,0.071442284,0.08,0.45,0.378,0.00026045,0.545,3,200,12.02,5576,0.98,0.004185421,0.9,16.06978896,0.000477895,0.004650468
211,HAT-P-26 b,4.234516,0.047530318,0.0479,0.124,0.059,0.00027001,0.565,0.4,134,11.744,5079,0.82,0.00367387,0.79,13.6063867,0.000477895,0.004650468
210,CoRoT-8 b,6.21229,0.063,0.063,0,0.22,0.00027240,0.57,1.6,380,14.8,5080,0.88,0.00358086,0.77,13.14558857,0.000477895,0.004650468
48,Kepler-117 b,18.7959228,0.14432429,0.1445,0.0493,0.094,0.00034361,0.719,0.3,1430,14.274,6150,1.13,0.007487253,1.61,21.79019676,0.000477895,0.004650468
146,Kepler-35 b,131.458,0.602937505,0.60347,0.042,0.127,0.00034791,0.728,0.41,1645,15.726,5606,0.89,0.004789982,1.03,13.76797319,0.000477895,0.004650468
100,Kepler-539 b,125.63243,0.45930245,0.4988,0.39,0.97,0.00035699,0.747,2.9,313,12.391,5820,1.05,0.004417945,0.95,12.37562581,0.000477895,0.004650468
225,Kepler-16 b,228.776,0.704783222,0.7048,0.0069,0.333,0.00036033,0.754,0.964,61,11.762,4450,0.69,0.003022804,0.65,8.388922397,0.000477895,0.004650468
84,Kepler-34 b,288.822,1.071402079,1.0896,0.182,0.22,0.00036511,0.764,0.613,1499,14.875,5913,1.05,0.005394543,1.16,14.77504447,0.000477895,0.004650468
222,WASP-59 b,7.919585,0.069350624,0.0697,0.1,0.863,0.00037037,0.775,2.4,125,13,4650,0.72,0.002836785,0.61,7.659356759,0.000477895,0.004650468
97,HATS-17 b,16.254611,0.130744987,0.1308,0.029,1.338,0.00037132,0.777,3.5,339,12.39,5846,1.13,0.00506901,1.09,13.65116278,0.000477895,0.004650468
171,Kepler-30 d,143.34394,0.499878985,0.5,0.022,0.073,0.00037515,0.785,0.19,1400,15.403,5498,0.99,0.004417945,0.95,11.77655093,0.000477895,0.004650468
194,WASP-139 b,5.924262,0.062,0.062,0,0.117,0.00038232,0.8,0.31,230,12.4,5310,0.92,0.003720374,0.8,9.731149981,0.000477895,0.004650468
195,Kepler-46 b,33.60134,0.19679016,0.1968,0.01,6,0.00038614,0.808,14,855,15.262,5309,0.9,0.00367387,0.79,9.514366937,0.000477895,0.004650468
109,Kepler-9 c,38.91,0.223090649,0.225,0.13,0.171,0.00039331,0.823,0.383,650,13.803,5777,1.07,0.004743477,1.02,12.0604775,0.000477895,0.004650468
191,HAT-P-38 b,4.640382,0.052182481,0.0523,0.067,0.267,0.00039426,0.825,0.59,249,12.557,5330,0.89,0.00427843,0.92,10.85170665,0.000477895,0.004650468
204,HAT-P-3 b,2.899736,0.03866,0.03866,0,0.591,0.00039522,0.827,1.29,138,11.577,5185,0.92,0.003720374,0.8,9.413446172,0.000477895,0.004650468
92,CoRoT-20 b,9.24285,0.074607778,0.0902,0.562,4.24,0.00040143,0.84,8.87,1230,14.66,5880,1.14,0.004743477,1.02,11.81639641,0.000477895,0.004650468
110,Kepler-9 b,19.24,0.13841604,0.14,0.15,0.252,0.00040239,0.842,0.524,650,13.803,5777,1.07,0.004743477,1.02,11.78832896,0.000477895,0.004650468
88,WASP-60 b,4.3050011,0.0531,0.0531,0,0.514,0.00041099,0.86,1.1,400,12.18,5900,1.08,0.005301533,1.14,12.89943137,0.000477895,0.004650468
224,HAT-P-20 b,2.875317,0.036095939,0.0361,0.015,7.246,0.00041434,0.867,13.78,70,11.339,4595,0.76,0.003208823,0.69,7.744513825,0.000477895,0.004650468
220,WASP-132 b,7.133521,0.067,0.067,0,0.41,0.00041577,0.87,0.84,120,12.4,4775,0.8,0.003441346,0.74,8.277070098,0.000477895,0.004650468
128,HATS-8 b,3.583893,0.04324534,0.04667,0.376,0.138,0.00041720,0.873,0.259,829,14.03,5679,1.06,0.00506901,1.09,12.15000398,0.000477895,0.004650468
79,CoRoT-13 b,4.03519,0.051,0.051,0,1.308,0.00042294,0.885,2.34,1060,15.039,5945,1.09,0.004696973,1.01,11.10560619,0.000477895,0.004650468
143,WASP-130 b,11.55098,0.1012,0.1012,0,1.23,0.00042533,0.89,2.34,180,11.1,5625,1.04,0.004464449,0.96,10.49652133,0.000477895,0.004650468
196,HATS-5 b,4.763387,0.054190216,0.0542,0.019,0.237,0.00043584,0.912,0.39,257,12.63,5304,0.94,0.004045907,0.87,9.283004916,0.000477895,0.004650468
90,WASP-129 b,5.748145,0.062509948,0.0628,0.096,1,0.00044444,0.93,1.6,246,12.3,5900,1,0.004185421,0.9,9.417241917,0.000477895,0.004650468
226,WASP-43 b,0.813475,0.0142,0.0142,0,1.78,0.00044444,0.93,2.939,80,12.4,4400,0.58,0.002790281,0.6,6.278161278,0.000477895,0.004650468
163,Kepler-420 b,86.647661,0.242807806,0.382,0.772,1.45,0.00044922,0.94,2.1,900,14.867,5520,0.99,0.005255029,1.13,11.69808455,0.000477895,0.004650468
192,WASP-84 b,8.5234865,0.0771,0.0771,0,0.694,0.00045018,0.942,1.104,125,10.83,5314,0.84,0.003487851,0.75,7.747730876,0.000477895,0.004650468
227,HAT-P-54 b,3.799847,0.041057122,0.04117,0.074,0.76,0.00045113,0.944,1.118,135.8,13.6,4390,0.65,0.00288329,0.62,6.391221386,0.000477895,0.004650468
223,HAT-P-12 b,3.2130598,0.0384,0.0384,0,0.211,0.00045830,0.959,0.3192,142.5,12.84,4650,0.73,0.003255328,0.7,7.103029183,0.000477895,0.004650468
74,Kepler-74 b,7.340711,0.0781,0.0781,0,0.63,0.00045878,0.96,0.88,1330,14.23,6000,1.18,0.005208524,1.12,11.35300831,0.000477895,0.004650468
164,Kepler-77 b,3.57878087,0.04501,0.04501,0,0.43,0.00045878,0.96,0.603,570,13.938,5520,0.95,0.004603963,0.99,10.03524842,0.000477895,0.004650468
102,WASP-126 b,3.2888,0.044166631,0.0449,0.18,0.28,0.00045878,0.96,0.41,234,10.8,5800,1.12,0.005906094,1.27,12.8735005,0.000477895,0.004650468
229,Kepler-45 b,2.455239,0.029817948,0.03,0.11,0.505,0.00045878,0.96,0.8,333,16.88,3820,0.59,0.002557757,0.55,5.57513801,0.000477895,0.004650468
93,HATS-10 b,3.312846,0.038867237,0.04491,0.501,0.526,0.00046308,0.969,0.7,496,13.113,5880,1.1,0.005115515,1.1,11.04671308,0.000477895,0.004650468
212,CoRoT-10 b,13.2406,0.089463751,0.1055,0.53,2.75,0.00046356,0.97,3.7,345,15.22,5075,0.89,0.00367387,0.79,7.925369572,0.000477895,0.004650468
205,Kepler-425 b,3.79701816,0.043800715,0.0464,0.33,0.25,0.00046738,0.978,0.27,650,14.97,5170,0.93,0.003999402,0.86,8.55704395,0.000477895,0.004650468
218,HAT-P-18 b,5.508023,0.055702436,0.0559,0.084,0.197,0.00047551,0.995,0.25,166,12.759,4803,0.77,0.003487851,0.75,7.335037674,0.000477895,0.004650468
230,HATS-6 b,3.3252725,0.03623,0.03623,0,0.319,0.00047694,0.998,0.399,148.4,15.16,3724,0.57,0.002650767,0.57,5.557871231,0.000477895,0.004650468
228,WASP-80 b,3.06785234,0.034399931,0.0344,0.002,0.538,0.00047742,0.999,0.717,60,11.87,4143,0.58,0.002743776,0.59,5.747125614,0.000477895,0.004650468
217,WASP-11 b,3.7224747,0.0435,0.0435,0,0.487,0.00048028,1.005,0.594,121.7,11.6,4980,0.83,0.00367387,0.79,7.649361676,0.000477895,0.004650468
207,HAT-P-52 b,2.7535953,0.036899177,0.03694,0.047,0.818,0.00048220,1.009,0.98,385,14.068,5131,0.89,0.004138916,0.89,8.583472233,0.000477895,0.004650468
200,HAT-P-17 b,10.338523,0.082881536,0.0882,0.342,0.534,0.00048267,1.01,0.64,90,10.54,5246,0.86,0.003906393,0.84,8.093233647,0.000477895,0.004650468
190,XO-2 N b,2.61585922,0.036729339,0.03673,0.006,0.597,0.00048698,1.019,0.7,145.5,11.138,5332,0.97,0.004696973,1.01,9.64520263,0.000477895,0.004650468
54,HD 17156 b,21.21663,0.118055289,0.1614,0.6819,3.22,0.00048745,1.02,3.78,75,8.172,6100,1.24,0.006696674,1.44,13.73809409,0.000477895,0.004650468
117,CoRoT-17 b,3.7681,0.0461,0.0461,0,2.43,0.00048745,1.02,2.82,920,15.46,5740,1.04,0.007394244,1.59,15.16914556,0.000477895,0.004650468
182,HATS-4 b,2.516729,0.036196941,0.0362,0.013,1.323,0.00048745,1.02,1.55,420,13.459,5403,1,0.004324935,0.93,8.8725191,0.000477895,0.004650468
151,HAT-P-21 b,4.124481,0.04809886,0.0494,0.228,4.063,0.00048936,1.024,4.68,254,11.685,5588,0.95,0.005115515,1.1,10.45338377,0.000477895,0.004650468
181,K2-30 b,4.098503,0.04839,0.04839,0,0.579,0.00049653,1.039,0.64,278,13.53,5425,0.9,0.003906393,0.84,7.867339734,0.000477895,0.004650468
189,HATS-14 b,2.7667641,0.037763413,0.03815,0.142,1.071,0.00049653,1.039,1.191,513,13.79,5346,0.97,0.004324935,0.93,8.710268991,0.000477895,0.004650468
166,WASP-83 b,4.971252,0.059,0.059,0,0.3,0.00049701,1.04,0.35,300,12.9,5510,1.11,0.004882991,1.05,9.82471873,0.000477895,0.004650468
144,CoRoT-9 b,95.2738,0.404530156,0.407,0.11,0.84,0.00050179,1.05,0.9,460,13.69,5625,0.99,0.00437144,0.94,8.711696173,0.000477895,0.004650468
203,Kepler-75 b,8.8849116,0.067210536,0.0818,0.57,10.1,0.00050179,1.05,11,1140,15.264,5200,0.91,0.004138916,0.89,8.248308079,0.000477895,0.004650468
87,CoRoT-23 b,3.6313,0.047381617,0.048,0.16,2.8,0.00050179,1.05,3,600,15.63,5900,1.14,0.007487253,1.61,14.92109664,0.000477895,0.004650468
221,WASP-69 b,3.8681382,0.04525,0.04525,0,0.26,0.00050514,1.057,0.291,50,9.87,4715,0.83,0.003766879,0.81,7.457172644,0.000477895,0.004650468
187,HATS-9 b,1.9153073,0.030225327,0.03048,0.129,0.837,0.00050896,1.065,0.85,622,13.276,5366,1.03,0.006975702,1.5,13.70584504,0.000477895,0.004650468
63,HAT-P-31 b,5.005425,0.053323769,0.055,0.245,2.171,0.00051135,1.07,2.18,354,11.66,6065,1.22,0.006324636,1.36,12.36856446,0.000477895,0.004650468
105,WASP-21 b,4.322482,0.052,0.052,0,0.3,0.00051135,1.07,0.32,242,11.58,5800,0.89,0.005301533,1.14,10.36776727,0.000477895,0.004650468
157,HAT-P-15 b,10.863502,0.094643986,0.0964,0.19,1.946,0.00051230,1.072,1.96,190,12.16,5568,1.01,0.005022505,1.08,9.803770503,0.000477895,0.004650468
206,Kepler-428 b,3.52563254,0.042239144,0.0433,0.22,1.27,0.00051613,1.08,1.02,720,15.405,5150,0.87,0.003720374,0.8,7.208259245,0.000477895,0.004650468
197,HAT-P-22 b,3.21222,0.0413947,0.0414,0.016,2.147,0.00051613,1.08,2.11,82,9.732,5302,0.92,0.004836487,1.04,9.370737018,0.000477895,0.004650468
66,WASP-106 b,9.289715,0.0917,0.0917,0,1.925,0.00051852,1.085,1.86,283,11.21,6055,1.19,0.00646415,1.39,12.46663454,0.000477895,0.004650468
124,WASP-5 b,1.6284279,0.026680716,0.0267,0.038,1.58,0.00051947,1.087,1.64,300,12.3,5700,0.96,0.004789982,1.03,9.220868887,0.000477895,0.004650468
103,Kepler-44 b,3.2467293,0.044502755,0.0446,0.066,1,0.00052091,1.09,0.93,2250,14.678,5800,1.12,0.006278132,1.35,12.05234172,0.000477895,0.004650468
120,Kepler-426 b,3.21751883,0.040723798,0.0414,0.18,0.34,0.00052091,1.09,0.26,880,15.073,5725,0.91,0.00427843,0.92,8.21344769,0.000477895,0.004650468
69,CoRoT-14 b,1.51214,0.027,0.027,0,7.6,0.00052091,1.09,7.3,1340,16.033,6035,1.13,0.005627066,1.21,10.80246924,0.000477895,0.004650468
147,WASP-56 b,4.617101,0.05458,0.05458,0,0.571,0.00052186,1.092,0.583,255,11.484,5600,1.02,0.005162019,1.11,9.891553552,0.000477895,0.004650468
50,WASP-38 b,6.871815,0.075182909,0.07522,0.0314,2.691,0.00052282,1.094,2.74,110,9.447,6150,1.2,0.006185122,1.33,11.83037429,0.000477895,0.004650468
172,Kepler-30 c,60.323105,0.299981518,0.3,0.0111,2.01,0.00052425,1.097,1.88,1400,15.403,5498,0.99,0.004417945,0.95,8.427158142,0.000477895,0.004650468
49,Kepler-117 c,50.790391,0.280253693,0.2804,0.0323,1.84,0.00052616,1.101,1.74,1430,14.274,6150,1.13,0.007487253,1.61,14.22992867,0.000477895,0.004650468
193,HATS-15 b,1.74748753,0.02690386,0.02712,0.126,2.17,0.00052807,1.105,1.97,689,14.774,5311,0.87,0.00427843,0.92,8.101952925,0.000477895,0.004650468
60,HAT-P-29 b,5.723186,0.066398334,0.0667,0.095,0.778,0.00052903,1.107,0.71,322,11.9,6087,1.21,0.005673571,1.22,10.72448327,0.000477895,0.004650468
9,KELT-1 b,1.217514,0.024658792,0.02466,0.0099,27.23,0.00053046,1.11,24.7,262,10.701,6518,1.32,0.006789683,1.46,12.79953061,0.000477895,0.004650468
148,WASP-65 b,2.3114243,0.0334,0.0334,0,1.55,0.00053142,1.112,1.5,310,11.9,5600,0.93,0.004696973,1.01,8.838544497,0.000477895,0.004650468
149,WASP-49 b,2.7817387,0.0379,0.0379,0,0.378,0.00053285,1.115,0.363,170,11.36,5600,0.94,0.004557459,0.98,8.552938996,0.000477895,0.004650468
75,Kepler-434 b,12.8747099,0.113315005,0.1143,0.131,2.86,0.00054002,1.13,2.4,1240,14.517,5977,1.2,0.006417646,1.38,11.88405927,0.000477895,0.004650468
216,HAT-P-19 b,4.008778,0.046495289,0.0466,0.067,0.292,0.00054098,1.132,0.25,215,12.901,4990,0.84,0.003813384,0.82,7.04906624,0.000477895,0.004650468
174,WASP-104 b,1.7554137,0.02918,0.02918,0,1.272,0.00054337,1.137,1.074,143,11.12,5475,1.08,0.004464449,0.96,8.21627439,0.000477895,0.004650468
180,XO-5 b,4.1877558,0.0515,0.0515,0,1.19,0.00054480,1.14,1.06,260,12.13,5430,1.04,0.005255029,1.13,9.645789016,0.000477895,0.004650468
215,Kepler-432 b,52.501129,0.258302978,0.301,0.5134,5.41,0.00054719,1.145,4.46,870,12.465,4995,1.32,0.0188809,4.06,34.50521303,0.000477895,0.004650468
4,HAT-P-14 b,4.627669,0.060252097,0.0606,0.107,2.232,0.00054958,1.15,1.82,205,9.98,6600,1.39,0.006836188,1.47,12.43894824,0.000477895,0.004650468
155,WASP-47 b,4.16071,0.051999796,0.052,0.0028,1.21,0.00054958,1.15,0.98,200,11.9,5576,1.11,0.005394543,1.16,9.815768676,0.000477895,0.004650468
184,WASP-50 b,1.9550959,0.029448807,0.02945,0.009,1.468,0.00055101,1.153,1.274,230,11.6,5400,0.89,0.003906393,0.84,7.089476135,0.000477895,0.004650468
106,WASP-37 b,3.577469,0.0446,0.0446,0,1.8,0.00055436,1.16,1.53,343,12.704,5800,0.93,0.004650468,1,8.388922397,0.000477895,0.004650468
112,WASP-70 A b,3.7130203,0.04853,0.04853,0,0.59,0.00055627,1.164,0.499,245,10.79,5763,1.11,0.005673571,1.22,10.19931527,0.000477895,0.004650468
23,WASP-18 b,0.94145299,0.020259143,0.02026,0.0092,10.43,0.00055675,1.165,8.78,105.49,9.303,6400,1.28,0.005720076,1.23,10.27408968,0.000477895,0.004650468
202,HATS-2 b,1.354133,0.023,0.023,0,1.345,0.00055818,1.168,1.05,360,13.562,5227,0.88,0.004185421,0.9,7.498317622,0.000477895,0.004650468
10,Kepler-40 b,6.87349,0.08,0.08,0,2.2,0.00055914,1.17,1.68,2700,14.588,6510,1.48,0.009905497,2.13,17.7156833,0.000477895,0.004650468
139,CoRoT-16 b,5.35227,0.058338022,0.0618,0.33,0.535,0.00055914,1.17,0.44,840,15.63,5650,1.1,0.005534057,1.19,9.897494425,0.000477895,0.004650468
80,HATS-30 b,3.1743516,0.043338903,0.04354,0.096,0.706,0.00056153,1.175,0.543,339,12.192,5943,1.09,0.004929496,1.06,8.778739557,0.000477895,0.004650468
169,HAT-P-37 b,2.797436,0.037836198,0.0379,0.058,1.169,0.00056296,1.178,0.89,411,13.23,5500,0.93,0.004092412,0.88,7.269449901,0.000477895,0.004650468
161,WASP-41 b,3.052404,0.039986478,0.04,0.026,0.94,0.00056392,1.18,0.74,180,11.6,5545,0.93,0.004045907,0.87,7.174661426,0.000477895,0.004650468
101,HAT-P-55 b,3.5852467,0.045593061,0.04604,0.139,0.582,0.00056487,1.182,0.435,480,13.207,5808,1.01,0.004696973,1.01,8.315111236,0.000477895,0.004650468
167,HAT-P-25 b,3.652836,0.046576135,0.0466,0.032,0.567,0.00056870,1.19,0.42,297,13.19,5500,1.01,0.004464449,0.96,7.85033948,0.000477895,0.004650468
188,K2-29 b,3.2588321,0.042078054,0.04217,0.066,0.73,0.00056870,1.19,0.53,185,12.526,5358,0.94,0.003999402,0.86,7.032595784,0.000477895,0.004650468
160,Kepler-423 b,2.6843285,0.035843528,0.03585,0.019,0.595,0.00056965,1.192,0.459,725,14.29,5560,0.85,0.004417945,0.95,7.755530605,0.000477895,0.004650468
173,HATS-28 b,3.1810781,0.040458416,0.04131,0.202,0.672,0.00057061,1.194,0.48,521,13.934,5498,0.93,0.00427843,0.92,7.498038511,0.000477895,0.004650468
115,XO-1 b,3.94150685,0.049,0.049,0,0.92,0.00057825,1.21,0.64,172,11.19,5750,1.03,0.00437144,0.94,7.559736349,0.000477895,0.004650468
89,WASP-141 b,3.310651,0.0469,0.0469,0,2.69,0.00057825,1.21,1.98,570,12.4,5900,1.25,0.006371141,1.37,11.01791361,0.000477895,0.004650468
123,WASP-133 b,2.176423,0.03399782,0.0345,0.17,1.16,0.00057825,1.21,0.88,547,12.9,5700,1.16,0.006696674,1.44,11.5808727,0.000477895,0.004650468
168,WASP-77 A b,1.3600309,0.024,0.024,0,1.76,0.00057825,1.21,1.33,93,10.3,5500,1,0.004417945,0.95,7.640159076,0.000477895,0.004650468
127,HAT-P-28 b,3.257215,0.043343522,0.0434,0.051,0.626,0.00057921,1.212,0.44,395,13.03,5680,1.02,0.005115515,1.1,8.831901798,0.000477895,0.004650468
162,HATS-13 b,3.0440499,0.039899909,0.04057,0.181,0.543,0.00057921,1.212,0.377,476,13.887,5523,0.96,0.004138916,0.89,7.145811454,0.000477895,0.004650468
51,WASP-28 b,3.40883,0.04469,0.04469,0,0.907,0.00057969,1.213,0.676,410,12.03,6150,1.02,0.00506901,1.09,8.744396932,0.000477895,0.004650468
70,WASP-131 b,5.322023,0.0607,0.0607,0,0.27,0.00058303,1.22,0.2,250,10.1,6030,1.06,0.007115216,1.53,12.20381924,0.000477895,0.004650468
126,WASP-34 b,4.3176782,0.052362154,0.0524,0.038,0.59,0.00058303,1.22,0.45,120,10.4,5700,1.01,0.004324935,0.93,7.418007772,0.000477895,0.004650468
104,Kepler-427 b,10.290994,0.074769667,0.091,0.57,0.29,0.00058781,1.23,0.16,1100,14.42,5800,0.96,0.006278132,1.35,10.68053047,0.000477895,0.004650468
138,HATS-33 b,2.5495551,0.037150545,0.03727,0.08,1.192,0.00058781,1.23,0.79,255,11.911,5659,1.06,0.004743477,1.02,8.06973413,0.000477895,0.004650468
28,Kepler-39 b,21.08721,0.162968146,0.164,0.112,20.1,0.00059259,1.24,13,1200,14.46,6350,1.29,0.006510655,1.4,10.98678224,0.000477895,0.004650468
30,WASP-61 b,3.8559,0.049632283,0.0514,0.26,2.06,0.00059259,1.24,1.423,480,12.5,6320,1.22,0.006324636,1.36,10.67287417,0.000477895,0.004650468
68,WASP-124 b,3.37265,0.044893511,0.0449,0.017,0.6,0.00059259,1.24,0.43,433,12.7,6050,1.07,0.004743477,1.02,8.004655629,0.000477895,0.004650468
25,HAT-P-24 b,3.35524,0.046395513,0.0465,0.067,0.685,0.00059355,1.242,0.44,396,11.818,6373,1.19,0.006138618,1.32,10.342285,0.000477895,0.004650468
125,HATS-32 b,2.8126548,0.03549704,0.04024,0.471,0.92,0.00059689,1.249,0.58,839,14.384,5700,1.1,0.005115515,1.1,8.570268198,0.000477895,0.004650468
131,HATS-29 b,4.6058749,0.054062291,0.05475,0.158,0.653,0.00059785,1.251,0.411,351,12.612,5670,1.03,0.004976001,1.07,8.323205819,0.000477895,0.004650468
122,HATS-25 b,4.2986432,0.050824064,0.05163,0.176,0.613,0.00060215,1.26,0.38,466,13.097,5715,0.99,0.005162019,1.11,8.572679745,0.000477895,0.004650468
77,HAT-P-5 b,2.788491,0.04075,0.04075,0,1.06,0.00060215,1.26,0.66,340,12,5960,1.16,0.005441047,1.17,9.036067839,0.000477895,0.004650468
159,HAT-P-36 b,1.327347,0.023752722,0.0238,0.063,1.832,0.00060406,1.264,1.12,317,12.262,5560,1.02,0.005115515,1.1,8.468564065,0.000477895,0.004650468
185,WASP-39 b,4.055259,0.0486,0.0486,0,0.28,0.00060693,1.27,0.186,230,12.11,5400,0.93,0.004185421,0.9,6.896090537,0.000477895,0.004650468
56,WASP-75 b,2.484193,0.0375,0.0375,0,1.07,0.00060693,1.27,0.69,260,11.45,6100,1.14,0.00585959,1.26,9.654526752,0.000477895,0.004650468
40,WASP-72 b,2.2167421,0.03708,0.03708,0,1.5461,0.00060693,1.27,0.96,340,10.88,6250,1.39,0.009207926,1.98,15.17139918,0.000477895,0.004650468
213,WASP-52 b,1.7497798,0.0272,0.0272,0,0.46,0.00060693,1.27,0.29,140,12,5000,0.87,0.00367387,0.79,6.053235027,0.000477895,0.004650468
183,WASP-64 b,1.5732918,0.02648,0.02648,0,1.271,0.00060741,1.271,0.823,350,12.29,5400,1,0.004929496,1.06,8.115671896,0.000477895,0.004650468
95,HAT-P-4 b,3.056536,0.04438,0.04438,0,0.671,0.00060884,1.274,0.403,314,11.118,5860,1.26,0.007440749,1.6,12.22122447,0.000477895,0.004650468
116,HAT-P-42 b,4.641878,0.0575,0.0575,0,1.044,0.00061171,1.28,0.61,447,12.168,5743,1.18,0.007115216,1.53,11.63176521,0.000477895,0.004650468
142,HAT-P-43 b,3.332687,0.0443,0.0443,0,0.662,0.00061218,1.281,0.39,542,13.356,5645,1.05,0.005115515,1.1,8.35617875,0.000477895,0.004650468
12,WASP-14 b,2.243752,0.035850632,0.036,0.091,7.341,0.00061218,1.281,4.656,160,9.75,6475,1.21,0.006092113,1.31,9.951449239,0.000477895,0.004650468
37,HAT-P-50 b,3.1220109,0.044999457,0.0453,0.115,1.35,0.00061553,1.288,0.78,497,11.762,6280,1.27,0.007905795,1.7,12.84390914,0.000477895,0.004650468
46,HAT-P-16 b,2.77596,0.041273229,0.0413,0.036,4.193,0.00061601,1.289,2.42,235,10.812,6158,1.22,0.00576658,1.24,9.361230393,0.000477895,0.004650468
59,CoRoT-19 b,3.89713,0.051742755,0.0518,0.047,1.11,0.00061649,1.29,0.71,770,14.007,6090,1.21,0.007673272,1.65,12.44681974,0.000477895,0.004650468
114,Kepler-41 b,1.8555582,0.03101,0.03101,0,0.56,0.00061649,1.29,0.33,770,14.465,5750,1.15,0.005999104,1.29,9.731149981,0.000477895,0.004650468
178,HAT-P-51 b,4.2180278,0.050305094,0.05069,0.123,0.309,0.00061792,1.293,0.178,470,13.44,5449,0.98,0.004836487,1.04,7.827065723,0.000477895,0.004650468
119,HATS-16 b,2.686502,0.03744,0.03744,0,3.27,0.00062126,1.3,1.86,774,13.834,5738,0.97,0.00576658,1.24,9.282019982,0.000477895,0.004650468
130,WASP-135 b,1.4013794,0.0243,0.0243,0,1.9,0.00062126,1.3,1.16,300,13.28,5675,0.98,0.004464449,0.96,7.186079986,0.000477895,0.004650468
94,HATS-1 b,3.446459,0.044079161,0.0444,0.12,1.855,0.00062222,1.302,1.03,303,12.053,5870,0.99,0.004836487,1.04,7.772961582,0.000477895,0.004650468
179,CoRoT-18 b,1.9000693,0.029405448,0.0295,0.08,3.47,0.00062604,1.31,2.2,870,15,5440,0.95,0.004650468,1,7.428358764,0.000477895,0.004650468
108,Kepler-17 b,1.4857108,0.025908432,0.02591,0.011,2.45,0.00062604,1.31,1.35,800,14.141,5781,1.16,0.004882991,1.05,7.799776702,0.000477895,0.004650468
118,WASP-123 b,2.9776412,0.04263,0.04263,0,0.899,0.00062987,1.318,0.521,214,11.1,5740,1.17,0.005952599,1.28,9.450585717,0.000477895,0.004650468
78,HAT-P-53 b,1.9616241,0.0313051,0.03159,0.134,1.484,0.00062987,1.318,0.8,719,13.73,5956,1.09,0.005627066,1.21,8.933756811,0.000477895,0.004650468
22,WASP-7 b,4.954658,0.0618,0.0618,0,0.96,0.00063560,1.33,0.545,140,9.51,6400,1.28,0.006650169,1.43,10.46281539,0.000477895,0.004650468
7,HAT-P-6 b,3.852985,0.05235,0.05235,0,1.057,0.00063560,1.33,0.558,261,10.44,6570,1.29,0.006789683,1.46,10.68231502,0.000477895,0.004650468
58,HAT-P-35 b,3.646706,0.049784435,0.0498,0.025,1.054,0.00063656,1.332,0.55,535,12.46,6096,1.24,0.006696674,1.44,10.52016214,0.000477895,0.004650468
141,TrES-3 b,1.30618581,0.02282,0.02282,0,1.91,0.00063847,1.336,0.994,228,12.402,5650,0.93,0.003859888,0.83,6.045549763,0.000477895,0.004650468
150,HATS-18 b,0.8378434,0.017365675,0.01761,0.166,1.98,0.00063895,1.337,1.02,645,14.067,5600,1.04,0.004743477,1.02,7.423913972,0.000477895,0.004650468
81,WASP-114 b,1.5487743,0.028507947,0.02851,0.012,1.769,0.00063990,1.339,0.97,460,12.743,5940,1.29,0.006650169,1.43,10.39249027,0.000477895,0.004650468
33,HAT-P-30 b,2.810595,0.041874328,0.0419,0.035,0.711,0.00064038,1.34,0.37,193,10.419,6304,1.24,0.005673571,1.22,8.859703714,0.000477895,0.004650468
31,KELT-3 b,2.7033904,0.04122,0.04122,0,1.477,0.00064277,1.345,0.75,178,9.873,6306,1.28,0.006836188,1.47,10.63553195,0.000477895,0.004650468
21,HATS-12 b,3.142833,0.047776467,0.04795,0.085,2.38,0.00064516,1.35,1.19,981,12.756,6408,1.49,0.010277534,2.21,15.93025293,0.000477895,0.004650468
52,K2-34 b,2.995607,0.04419,0.04419,0,1.76,0.00064516,1.35,0.94,377,11.548,6132,1.28,0.007115216,1.53,11.02863664,0.000477895,0.004650468
214,WTS-2 b,1.0187068,0.01855,0.01855,0,1.12,0.00065137,1.363,0.54,1000,15.9,5000,0.82,0.003487851,0.75,5.354631317,0.000477895,0.004650468
107,WASP-58 b,5.01718,0.0561,0.0561,0,0.89,0.00065472,1.37,0.45,300,11.66,5800,0.94,0.005441047,1.17,8.310544144,0.000477895,0.004650468
27,HATS-3 b,3.547851,0.0485,0.0485,0,1.071,0.00065997,1.381,0.51,453,12.44,6351,1.21,0.006510655,1.4,9.865032565,0.000477895,0.004650468
99,WASP-13 b,4.353011,0.05362,0.05362,0,0.477,0.00066380,1.389,0.222,155,10.42,5826,1.09,0.00725473,1.56,10.92915333,0.000477895,0.004650468
38,WASP-62 b,4.411953,0.055435669,0.0567,0.21,0.57,0.00066427,1.39,0.279,160,10.3,6280,1.25,0.005952599,1.28,8.961058975,0.000477895,0.004650468
6,WASP-66 b,4.086052,0.054268665,0.0546,0.11,2.32,0.00066427,1.39,1.144,380,11.6,6580,1.3,0.008138319,1.75,12.25144782,0.000477895,0.004650468
158,WASP-19 b,0.78883899,0.016339967,0.01634,0.002,1.069,0.00066523,1.392,0.492,250,12.59,5568,0.9,0.004650468,1,6.990768664,0.000477895,0.004650468
29,HAT-P-9 b,3.92289,0.053,0.053,0,0.78,0.00066905,1.4,0.35,480,12.297,6350,1.28,0.006138618,1.32,9.175084267,0.000477895,0.004650468
201,WASP-67 b,4.61442,0.050655448,0.0517,0.2,0.42,0.00066905,1.4,0.213,225,12.5,5240,0.87,0.004045907,0.87,6.047214631,0.000477895,0.004650468
140,WASP-119 b,2.49979,0.036238892,0.0363,0.058,1.23,0.00066905,1.4,0.7,333,12.2,5650,1.02,0.005580562,1.2,8.340985698,0.000477895,0.004650468
24,WASP-3 b,1.8468355,0.031499858,0.0315,0.003,1.98,0.00066905,1.4,0.95,220,10.5,6400,1.23,0.006324636,1.36,9.453117124,0.000477895,0.004650468
91,WASP-113 b,4.54216875,0.05885,0.05885,0,0.475,0.00067335,1.409,0.228,360,11.771,5890,1.32,0.007487253,1.61,11.119341,0.000477895,0.004650468
0,HAT-P-49 b,2.691548,0.0438,0.0438,0,1.73,0.00067527,1.413,0.75,322,10.326,6820,1.54,0.008510356,1.83,12.60297556,0.000477895,0.004650468
156,WASP-63 b,4.37809,0.055993693,0.0574,0.22,0.38,0.00068339,1.43,0.173,330,11.2,5570,1.32,0.00874288,1.88,12.79339997,0.000477895,0.004650468
186,HATS-34 b,2.1061607,0.031474817,0.03166,0.108,0.941,0.00068339,1.43,0.4,532,13.849,5380,0.95,0.004557459,0.98,6.668899987,0.000477895,0.004650468
20,WASP-118 b,4.0460435,0.05453,0.05453,0,0.514,0.00068817,1.44,0.233,250,11.02,6410,1.32,0.007905795,1.7,11.48816317,0.000477895,0.004650468
129,CoRoT-12 b,2.828042,0.040061487,0.04016,0.07,0.917,0.00068817,1.44,0.411,1150,15.515,5675,1.08,0.005208524,1.12,7.568672207,0.000477895,0.004650468
198,WASP-140 b,2.2359835,0.032264305,0.0323,0.047,2.44,0.00068817,1.44,1.1,180,11.1,5260,0.9,0.004045907,0.87,5.879236447,0.000477895,0.004650468
72,KELT-15 b,3.329441,0.04613,0.04613,0,0.91,0.00068960,1.443,0.36,291,11.189,6003,1.18,0.006882693,1.48,9.980666647,0.000477895,0.004650468
26,Kepler-433 b,5.33408384,0.06741752,0.0679,0.119,2.82,0.00069295,1.45,1.13,1870,14.463,6360,1.46,0.010510057,2.26,15.16717169,0.000477895,0.004650468
65,WASP-71 b,2.9036747,0.04619,0.04619,0,2.242,0.00069773,1.46,0.94,345,10.56,6059,1.56,0.010510057,2.26,15.06328696,0.000477895,0.004650468
39,WASP-92 b,2.1746742,0.0348,0.0348,0,0.805,0.00069821,1.461,0.346,530,13.18,6280,1.19,0.006231627,1.34,8.925216272,0.000477895,0.004650468
82,WASP-20 b,4.8996284,0.06,0.06,0,0.311,0.00069868,1.462,0.132,210,10.68,5940,1.2,0.00646415,1.39,9.25191414,0.000477895,0.004650468
35,HATS-35 b,1.8209993,0.030455488,0.03199,0.306,1.222,0.00069964,1.464,0.484,557,12.56,6300,1.32,0.006650169,1.43,9.505153328,0.000477895,0.004650468
8,HAT-P-56 b,2.7908327,0.041000114,0.0423,0.246,2.18,0.00070059,1.466,0.86,310.5,10.908,6566,1.3,0.006650169,1.43,9.492185861,0.000477895,0.004650468
145,CoRoT-2 b,1.7429935,0.027977139,0.02798,0.0143,3.47,0.00070059,1.466,1.47,200,12.57,5625,0.96,0.004231926,0.91,6.040481912,0.000477895,0.004650468
14,WASP-120 b,3.6112706,0.051316433,0.0514,0.057,4.85,0.00070394,1.473,2,437,11,6450,1.39,0.008696375,1.87,12.35386997,0.000477895,0.004650468
42,WTS-1 b,3.352057,0.04676441,0.047,0.1,4.01,0.00071206,1.49,1.61,3200,16.13,6250,1.2,0.005348038,1.15,7.510619113,0.000477895,0.004650468
16,HAT-P-7 b,2.2047372,0.036759953,0.03676,0.0016,1.682,0.00071254,1.491,0.629,320,10.463,6441,1.47,0.008556861,1.84,12.00893089,0.000477895,0.004650468
17,HATS-27 b,4.637038,0.049729507,0.0611,0.581,0.53,0.00071684,1.5,0.18,840,12.766,6438,1.42,0.008091814,1.74,11.28813398,0.000477895,0.004650468
44,HAT-P-8 b,3.0763776,0.0487,0.0487,0,1.52,0.00071684,1.5,0.568,230,10.3,6200,1.28,0.007347739,1.58,10.25014465,0.000477895,0.004650468
64,HATS-11 b,3.6191613,0.04339123,0.04614,0.34,0.85,0.00072162,1.51,0.299,906,14.018,6060,1,0.006696674,1.44,9.280037068,0.000477895,0.004650468
71,WASP-142 b,2.052868,0.0347,0.0347,0,0.84,0.00073118,1.53,0.31,840,12.3,6010,1.33,0.007626767,1.64,10.43077514,0.000477895,0.004650468
1,KELT-7 b,2.7347749,0.04415,0.04415,0,1.28,0.00073261,1.533,0.442,129,8.54,6789,1.53,0.00804531,1.73,10.98166306,0.000477895,0.004650468
34,WASP-31 b,3.4059096,0.04659,0.04659,0,0.478,0.00074026,1.549,0.172,360,11.7,6302,1.16,0.005813085,1.25,7.852767899,0.000477895,0.004650468
76,WASP-74 b,2.13775,0.037,0.037,0,0.95,0.00074552,1.56,0.33,120,9.7,5970,1.48,0.007626767,1.64,10.23018331,0.000477895,0.004650468
19,HAT-P-39 b,3.54387,0.0509,0.0509,0,0.599,0.00075077,1.571,0.19,642,12.422,6430,1.4,0.007533758,1.62,10.03466771,0.000477895,0.004650468
73,HAT-P-66 b,2.972086,0.043452939,0.04363,0.09,0.783,0.00075985,1.59,0.242,927,12.993,6002,1.25,0.00874288,1.88,11.50601381,0.000477895,0.004650468
2,WASP-93 b,2.7325321,0.04211,0.04211,0,1.47,0.00076320,1.597,0.479,250,10.97,6700,1.33,0.007068711,1.52,9.261958654,0.000477895,0.004650468
18,WASP-90 b,3.916243,0.0562,0.0562,0,0.63,0.00077897,1.63,0.193,340,11.7,6430,1.55,0.009207926,1.98,11.82066071,0.000477895,0.004650468
67,HATS-31 b,3.37796,0.046484388,0.0478,0.233,0.88,0.00078375,1.64,0.243,872,13.105,6050,1.27,0.008696375,1.87,11.09588443,0.000477895,0.004650468
55,WASP-54 b,3.6936411,0.049757941,0.04987,0.067,0.636,0.00078996,1.653,0.188,200,10.42,6100,1.21,0.008510356,1.83,10.77314245,0.000477895,0.004650468
11,WASP-82 b,2.705782,0.0447,0.0447,0,1.24,0.00079809,1.67,0.354,200,10.1,6490,1.63,0.01013802,2.18,12.7029383,0.000477895,0.004650468
15,HAT-P-33 b,3.474474,0.0499,0.0499,0,0.762,0.00080573,1.686,0.2,387,11.188,6446,1.38,0.007626767,1.64,9.46565004,0.000477895,0.004650468
43,KELT-4 A b,2.9895932,0.04317,0.04317,0,0.902,0.00081194,1.699,0.228,210,9.98,6206,1.2,0.007440749,1.6,9.164120052,0.000477895,0.004650468
57,WASP-78 b,2.17517632,0.0362,0.0362,0,0.89,0.00081242,1.7,0.2394,550,12,6100,1.17,0.007440749,1.6,9.158729394,0.000477895,0.004650468
47,WASP-94 A b,3.9501907,0.05453327,0.055,0.13,0.452,0.00082198,1.72,0.118,180,10.1,6153,1.45,0.007533758,1.62,9.165385447,0.000477895,0.004650468
61,HAT-P-40 b,4.457243,0.0608,0.0608,0,0.615,0.00082676,1.73,0.15,501,11.699,6080,1.51,0.010277534,2.21,12.43112223,0.000477895,0.004650468
121,KELT-14 b,1.7100566,0.03005,0.03005,0,1.284,0.00083297,1.743,0.322,266,11,5720,1.24,0.007068711,1.52,8.486143414,0.000477895,0.004650468
62,HATS-26 b,3.3023881,0.045906918,0.04735,0.245,0.65,0.00083632,1.75,0.153,907,12.955,6071,1.3,0.009486955,2.04,11.34374055,0.000477895,0.004650468
41,WASP-76 b,1.809886,0.033,0.033,0,0.92,0.00087455,1.83,0.201,120,9.5,6250,1.46,0.00804531,1.73,9.199393151,0.000477895,0.004650468
36,TrES-4 b,3.55392771,0.051593395,0.0516,0.016,0.494,0.00087837,1.838,0.099,492,11.592,6295,1.45,0.008417347,1.81,9.582906129,0.000477895,0.004650468
113,KELT-8 b,3.24406,0.045681994,0.04571,0.035,0.867,0.00088889,1.86,0.167,236,10.833,5754,1.21,0.007766281,1.67,8.737107778,0.000477895,0.004650468
13,WASP-121 b,1.2749255,0.02544,0.02544,0,1.183,0.00089127,1.865,0.243,270,10.44,6459,1.35,0.006789683,1.46,7.617951191,0.000477895,0.004650468
98,HAT-P-65 b,2.6054552,0.037640072,0.03951,0.304,0.527,0.00090322,1.89,0.096,841,13.145,5835,1.21,0.00864987,1.86,9.576687283,0.000477895,0.004650468
45,Kepler-435 b,8.6001536,0.094181975,0.0948,0.114,0.84,0.00095101,1.99,0.131,2070,13.643,6161,1.54,0.014928002,3.21,15.69698062,0.000477895,0.004650468
3,WASP-17 b,3.735438,0.051479808,0.0515,0.028,0.486,0.00095149,1.991,0.0817,400,11.6,6650,1.31,0.007301235,1.57,7.67348341,0.000477895,0.004650468
5,WASP-79 b,3.6623866,0.0535,0.0535,0,0.9,0.00099880,2.09,0.13,240,10.1,6600,1.38,0.007115216,1.53,7.123760512,0.000477895,0.004650468